{"meta": {"format": 3, "version": "7.13.0", "timestamp": "2025-12-08T17:24:19.374116", "branch_coverage": false, "show_contexts": false}, "files": {"decouple.py": {"executed_lines": [2, 3, 4, 5, 6, 7, 10, 13, 14, 15, 20, 21, 26, 30, 31, 33, 34, 36, 38, 39, 40, 41, 43, 46, 47, 50, 51, 54, 58, 61, 62, 66, 67, 69, 73, 74, 76, 77, 78, 80, 86, 87, 88, 89, 91, 92, 94, 96, 97, 98, 99, 101, 103, 107, 110, 111, 112, 114, 115, 117, 121, 122, 125, 127, 128, 129, 130, 132, 133, 136, 137, 138, 139, 140, 143, 144, 147, 148, 150, 151, 152, 153, 154, 155, 156, 157, 158, 159, 160, 162, 163, 165, 166, 169, 170, 176, 177, 179, 180, 181, 182, 184, 185, 187, 188, 191, 192, 202, 207, 209, 210, 211, 213, 215, 216, 217, 218, 221, 222, 223, 226, 228, 230, 231, 232, 233, 234, 236, 238, 240, 241, 242, 244, 245, 246, 248, 253, 257, 258, 262, 270, 271, 272, 273, 275, 277, 278, 280, 282, 283, 284, 286, 289, 290, 294, 301, 302, 303, 305, 306, 307, 309, 310, 311, 312, 316], "summary": {"covered_lines": 158, "num_statements": 163, "percent_covered": 96.93251533742331, "percent_covered_display": "97", "missing_lines": 5, "excluded_lines": 0, "percent_statements_covered": 96.93251533742331, "percent_statements_covered_display": "97"}, "missing_lines": [17, 18, 23, 35, 118], "excluded_lines": [], "functions": {"strtobool": {"executed_lines": [34, 36, 38, 39, 40, 41, 43], "summary": {"covered_lines": 7, "num_statements": 8, "percent_covered": 87.5, "percent_covered_display": "88", "missing_lines": 1, "excluded_lines": 0, "percent_statements_covered": 87.5, "percent_statements_covered_display": "88"}, "missing_lines": [35], "excluded_lines": []}, "Config.__init__": {"executed_lines": [67], "summary": {"covered_lines": 1, "num_statements": 1, "percent_covered": 100.0, "percent_covered_display": "100", "missing_lines": 0, "excluded_lines": 0, "percent_statements_covered": 100.0, "percent_statements_covered_display": "100"}, "missing_lines": [], "excluded_lines": []}, "Config._cast_boolean": {"executed_lines": [73, 74], "summary": {"covered_lines": 2, "num_statements": 2, "percent_covered": 100.0, "percent_covered_display": "100", "missing_lines": 0, "excluded_lines": 0, "percent_statements_covered": 100.0, "percent_statements_covered_display": "100"}, "missing_lines": [], "excluded_lines": []}, "Config._cast_do_nothing": {"executed_lines": [78], "summary": {"covered_lines": 1, "num_statements": 1, "percent_covered": 100.0, "percent_covered_display": "100", "missing_lines": 0, "excluded_lines": 0, "percent_statements_covered": 100.0, "percent_statements_covered_display": "100"}, "missing_lines": [], "excluded_lines": []}, "Config.get": {"executed_lines": [86, 87, 88, 89, 91, 92, 94, 96, 97, 98, 99, 101], "summary": {"covered_lines": 12, "num_statements": 12, "percent_covered": 100.0, "percent_covered_display": "100", "missing_lines": 0, "excluded_lines": 0, "percent_statements_covered": 100.0, "percent_statements_covered_display": "100"}, "missing_lines": [], "excluded_lines": []}, "Config.__call__": {"executed_lines": [107], "summary": {"covered_lines": 1, "num_statements": 1, "percent_covered": 100.0, "percent_covered_display": "100", "missing_lines": 0, "excluded_lines": 0, "percent_statements_covered": 100.0, "percent_statements_covered_display": "100"}, "missing_lines": [], "excluded_lines": []}, "RepositoryEmpty.__init__": {"executed_lines": [112], "summary": {"covered_lines": 1, "num_statements": 1, "percent_covered": 100.0, "percent_covered_display": "100", "missing_lines": 0, "excluded_lines": 0, "percent_statements_covered": 100.0, "percent_statements_covered_display": "100"}, "missing_lines": [], "excluded_lines": []}, "RepositoryEmpty.__contains__": {"executed_lines": [115], "summary": {"covered_lines": 1, "num_statements": 1, "percent_covered": 100.0, "percent_covered_display": "100", "missing_lines": 0, "excluded_lines": 0, "percent_statements_covered": 100.0, "percent_statements_covered_display": "100"}, "missing_lines": [], "excluded_lines": []}, "RepositoryEmpty.__getitem__": {"executed_lines": [], "summary": {"covered_lines": 0, "num_statements": 1, "percent_covered": 0.0, "percent_covered_display": "0", "missing_lines": 1, "excluded_lines": 0, "percent_statements_covered": 0.0, "percent_statements_covered_display": "0"}, "missing_lines": [118], "excluded_lines": []}, "RepositoryIni.__init__": {"executed_lines": [128, 129, 130], "summary": {"covered_lines": 3, "num_statements": 3, "percent_covered": 100.0, "percent_covered_display": "100", "missing_lines": 0, "excluded_lines": 0, "percent_statements_covered": 100.0, "percent_statements_covered_display": "100"}, "missing_lines": [], "excluded_lines": []}, "RepositoryIni.__contains__": {"executed_lines": [133], "summary": {"covered_lines": 1, "num_statements": 1, "percent_covered": 100.0, "percent_covered_display": "100", "missing_lines": 0, "excluded_lines": 0, "percent_statements_covered": 100.0, "percent_statements_covered_display": "100"}, "missing_lines": [], "excluded_lines": []}, "RepositoryIni.__getitem__": {"executed_lines": [137, 138, 139, 140], "summary": {"covered_lines": 4, "num_statements": 4, "percent_covered": 100.0, "percent_covered_display": "100", "missing_lines": 0, "excluded_lines": 0, "percent_statements_covered": 100.0, "percent_statements_covered_display": "100"}, "missing_lines": [], "excluded_lines": []}, "RepositoryEnv.__init__": {"executed_lines": [148, 150, 151, 152, 153, 154, 155, 156, 157, 158, 159, 160], "summary": {"covered_lines": 12, "num_statements": 12, "percent_covered": 100.0, "percent_covered_display": "100", "missing_lines": 0, "excluded_lines": 0, "percent_statements_covered": 100.0, "percent_statements_covered_display": "100"}, "missing_lines": [], "excluded_lines": []}, "RepositoryEnv.__contains__": {"executed_lines": [163], "summary": {"covered_lines": 1, "num_statements": 1, "percent_covered": 100.0, "percent_covered_display": "100", "missing_lines": 0, "excluded_lines": 0, "percent_statements_covered": 100.0, "percent_statements_covered_display": "100"}, "missing_lines": [], "excluded_lines": []}, "RepositoryEnv.__getitem__": {"executed_lines": [166], "summary": {"covered_lines": 1, "num_statements": 1, "percent_covered": 100.0, "percent_covered_display": "100", "missing_lines": 0, "excluded_lines": 0, "percent_statements_covered": 100.0, "percent_statements_covered_display": "100"}, "missing_lines": [], "excluded_lines": []}, "RepositorySecret.__init__": {"executed_lines": [177, 179, 180, 181, 182], "summary": {"covered_lines": 5, "num_statements": 5, "percent_covered": 100.0, "percent_covered_display": "100", "missing_lines": 0, "excluded_lines": 0, "percent_statements_covered": 100.0, "percent_statements_covered_display": "100"}, "missing_lines": [], "excluded_lines": []}, "RepositorySecret.__contains__": {"executed_lines": [185], "summary": {"covered_lines": 1, "num_statements": 1, "percent_covered": 100.0, "percent_covered_display": "100", "missing_lines": 0, "excluded_lines": 0, "percent_statements_covered": 100.0, "percent_statements_covered_display": "100"}, "missing_lines": [], "excluded_lines": []}, "RepositorySecret.__getitem__": {"executed_lines": [188], "summary": {"covered_lines": 1, "num_statements": 1, "percent_covered": 100.0, "percent_covered_display": "100", "missing_lines": 0, "excluded_lines": 0, "percent_statements_covered": 100.0, "percent_statements_covered_display": "100"}, "missing_lines": [], "excluded_lines": []}, "AutoConfig.__init__": {"executed_lines": [210, 211], "summary": {"covered_lines": 2, "num_statements": 2, "percent_covered": 100.0, "percent_covered_display": "100", "missing_lines": 0, "excluded_lines": 0, "percent_statements_covered": 100.0, "percent_statements_covered_display": "100"}, "missing_lines": [], "excluded_lines": []}, "AutoConfig._find_file": {"executed_lines": [215, 216, 217, 218, 221, 222, 223, 226], "summary": {"covered_lines": 8, "num_statements": 8, "percent_covered": 100.0, "percent_covered_display": "100",